ID_Utilisateur,Prenom,Nom_famille,Pseudo,Date_naissance,Email,Mot_de_passe,Photo_profil,ID_Type
1,Henriette,Kaplan,hkaplan0,25-05-1988,hkaplan0@bravesites.com,xA8{LhvT\,https://robohash.org/ipsaininventore.png?size=50x50&set=set1,1
2,Lauree,Beagles,lbeagles1,23-05-1964,lbeagles1@tuttocitta.it,rA7%|FHC>y3NgII,https://robohash.org/quaeratsuntut.png?size=50x50&set=set1,3
3,Penny,Zellmer,pzellmer2,27-03-1979,pzellmer2@bluehost.com,dY3&My=j~UE,,1
4,Caty,Lindro,clindro3,15-01-1974,clindro3@google.com,tD5#fM'd=ZKMC~H,https://robohash.org/laboriosamutquis.png?size=50x50&set=set1,3
5,Sandi,Franzen,sfranzen4,23-02-1986,sfranzen4@addthis.com,pK9<893#hydJM5,https://robohash.org/etquaeratvoluptatum.png?size=50x50&set=set1,3
6,Corena,McGrey,cmcgrey5,11-06-1962,cmcgrey5@exblog.jp,hV0`!iTbxG,https://robohash.org/voluptatemmaximeaut.png?size=50x50&set=set1,1
7,Britta,Sydall,bsydall6,22-12-1957,bsydall6@nba.com,nU3<t=B4g*@A?,https://robohash.org/numquametassumenda.png?size=50x50&set=set1,1
8,Webster,Grigore,wgrigore7,04-08-1996,wgrigore7@ftc.gov,xC8.\x0dDq,https://robohash.org/quosipsacumque.png?size=50x50&set=set1,2
9,Mathian,Keast,mkeast8,18-11-1997,mkeast8@feedburner.com,wV2(GmDnBPS,https://robohash.org/auteumvoluptates.png?size=50x50&set=set1,3
10,Siegfried,Volette,svolette9,30-01-1968,svolette9@kickstarter.com,yP4!GU6fj5B,https://robohash.org/quamsitimpedit.png?size=50x50&set=set1,1
11,Pearce,Pavolillo,ppavolilloa,06-01-1956,ppavolilloa@booking.com,"gZ7#@vg?,ay""E.+",https://robohash.org/adilloest.png?size=50x50&set=set1,2
12,Woodie,Doorey,wdooreyb,01-10-1971,wdooreyb@virginia.edu,yC4$d\.#*xk`tI,https://robohash.org/hicullamut.png?size=50x50&set=set1,3
13,Mikol,Loads,mloadsc,23-11-1991,mloadsc@photobucket.com,"nR2?jT'""'",https://robohash.org/dolorabipsum.png?size=50x50&set=set1,2
14,Natal,D'Aubney,ndaubneyd,21-06-1950,ndaubneyd@altervista.org,zN7?r('E@fi\@,https://robohash.org/quiimpeditearum.png?size=50x50&set=set1,1
15,Janos,Reford,jreforde,26-11-2004,jreforde@cafepress.com,pZ0|uN'gD%?,https://robohash.org/estquised.png?size=50x50&set=set1,2
16,Wyndham,Shires,wshiresf,26-04-2005,wshiresf@squidoo.com,oT6*+>C_*=Gi,https://robohash.org/quosaliquidet.png?size=50x50&set=set1,3
17,Blythe,Sillitoe,bsillitoeg,15-11-1975,bsillitoeg@rambler.ru,"tG5""t)4`h",https://robohash.org/voluptasiurerem.png?size=50x50&set=set1,3
18,Killie,Parsall,kparsallh,20-08-1993,kparsallh@netlog.com,"sR6""r07kO",,1
19,Clemens,Laws,clawsi,18-05-1956,clawsi@google.cn,vL3)|o8!,,2
20,Belvia,Bentham3,bbenthamj,16-09-1990,bbenthamj@irs.gov,gH3>jtiOC`0~u6A,https://robohash.org/quisquamcupiditatetemporibus.png?size=50x50&set=set1,2
21,Kelley,Panas,kpanask,13-11-1970,kpanask@nbcnews.com,yG3?4Fc$AFC,https://robohash.org/mollitiahicdoloremque.png?size=50x50&set=set1,2
22,Elie,Povey,epoveyl,30-08-2002,epoveyl@godaddy.com,"oI4&R+Y_""9sKwP>8",https://robohash.org/nequeetnam.png?size=50x50&set=set1,3
23,Bart,Ainger,baingerm,25-11-2004,baingerm@google.pl,fK7{`uYc>>,https://robohash.org/quisadullam.png?size=50x50&set=set1,1
24,Iseabal,Possa,ipossan,05-08-1971,ipossan@seattletimes.com,mP7+2D\X@,https://robohash.org/voluptatemautomnis.png?size=50x50&set=set1,2
25,Velma,Lages,vlageso,23-02-1959,vlageso@dedecms.com,"sS8""7&gE#2bYf(",https://robohash.org/etquodquasi.png?size=50x50&set=set1,2
26,Milt,Spitaro,mspitarop,27-11-1975,mspitarop@alexa.com,aU8&0BGwym)5R,,1
27,Carola,McKelvie,cmckelvieq,07-11-1988,cmckelvieq@ebay.com,iO5)<|#&no,https://robohash.org/mollitiaducimusvel.png?size=50x50&set=set1,1
28,Kinna,Sandercock,ksandercockr,16-02-2002,ksandercockr@ftc.gov,oI7+N@AUd,https://robohash.org/rationemaximeprovident.png?size=50x50&set=set1,3
29,Gavrielle,Gilardone,ggilardones,03-05-1967,ggilardones@who.int,uW9\mEjr1,https://robohash.org/dolorescorruptiqui.png?size=50x50&set=set1,3
30,Sanders,Gueny,sguenyt,30-12-1966,sguenyt@tinyurl.com,tG7'=fCv$9d1/,https://robohash.org/voluptatumaspernaturvero.png?size=50x50&set=set1,3
31,Graham,Verbeke,gverbekeu,22-01-1972,gverbekeu@woothemes.com,oG2=e6%a3,https://robohash.org/nostrumvoluptatemunde.png?size=50x50&set=set1,3
32,Taite,Hawker,thawkerv,12-09-1954,thawkerv@zdnet.com,gG1%XwK5V,https://robohash.org/sequireiciendisaccusamus.png?size=50x50&set=set1,1
33,Shandee,Atkyns,satkynsw,10-06-1958,satkynsw@surveymonkey.com,gU3($D)W~,https://robohash.org/optioautcum.png?size=50x50&set=set1,2
34,Tandi,Reddin,treddinx,23-10-1988,treddinx@webs.com,pU1$=@%jX,https://robohash.org/quiaperferendisveritatis.png?size=50x50&set=set1,1
35,Hewe,Dimitrescu,hdimitrescuy,10-01-1971,hdimitrescuy@netlog.com,zX2#tX+Rp`BY,https://robohash.org/estcorporisquae.png?size=50x50&set=set1,1
36,Carley,Halward,chalwardz,10-03-2003,chalwardz@wikia.com,rG9<mhk}xVqu6,,1
37,Vonni,Kalewe,vkalewe10,26-12-1985,vkalewe10@chicagotribune.com,mS0(9Bk>!Q},https://robohash.org/quoremvitae.png?size=50x50&set=set1,2
38,Bambie,McCrudden,bmccrudden11,04-10-1995,bmccrudden11@tiny.cc,vG0!QtY}<}L!@/JA,https://robohash.org/magnamabquia.png?size=50x50&set=set1,3
39,Maje,Roskruge,mroskruge12,12-12-1997,mroskruge12@technorati.com,eL0<Wt.dn'x,https://robohash.org/ducimusdistinctioqui.png?size=50x50&set=set1,3
40,Rafaelita,Hedgeley,rhedgeley13,09-04-1954,rhedgeley13@youtube.com,jF3_1MB|*`tnt|,https://robohash.org/saepemodilabore.png?size=50x50&set=set1,1
41,Forrest,Bolstridge,fbolstridge14,10-10-1991,fbolstridge14@ft.com,zH9#@Tx#2T+1boCv,https://robohash.org/suntreprehenderitdeleniti.png?size=50x50&set=set1,1
42,Leelah,Philliskirk,lphilliskirk15,07-08-1990,lphilliskirk15@sun.com,jL5>h6l3z+V{'Ds,https://robohash.org/aveniamnostrum.png?size=50x50&set=set1,2
43,Alva,Nyssen,anyssen16,07-05-1999,anyssen16@shinystat.com,mP1)+4ox<i|,https://robohash.org/explicabotemporibusducimus.png?size=50x50&set=set1,3
44,Rodolfo,Deetlefs,rdeetlefs17,29-04-1968,rdeetlefs17@hugedomains.com,jT0(NPtKgP,https://robohash.org/culpaasoluta.png?size=50x50&set=set1,1
45,Monty,Finlaison,mfinlaison18,18-07-1959,mfinlaison18@posterous.com,fH1{$nn@2YlKO,https://robohash.org/estenimdolorem.png?size=50x50&set=set1,2
46,Amalle,Ullrich,aullrich19,08-01-1996,aullrich19@seattletimes.com,fW9%gZ/{q0,https://robohash.org/quidemmolestiasmagni.png?size=50x50&set=set1,1
47,Judah,Mishow,jmishow1a,16-06-1966,jmishow1a@pagesperso-orange.fr,"lV0""<aq>*+ah""05Z",https://robohash.org/seddoloresqui.png?size=50x50&set=set1,2
48,Murray,Endrizzi,mendrizzi1b,09-05-1985,mendrizzi1b@freewebs.com,hA1%(Z2u.iTk'_7,https://robohash.org/idesteveniet.png?size=50x50&set=set1,2
49,Griswold,Orhtmann,gorhtmann1c,20-08-1989,gorhtmann1c@bizjournals.com,sI9}4&TXwjCNT!hu,https://robohash.org/oditculpaeos.png?size=50x50&set=set1,2
50,Meryl,Jowsey,mjowsey1d,22-09-1983,mjowsey1d@oaic.gov.au,fI3\M53fK<\,https://robohash.org/temporeiureaut.png?size=50x50&set=set1,3
51,Dru,Coarser,dcoarser1e,21-02-1985,dcoarser1e@ihg.com,"mF5%MZsE""{m",https://robohash.org/voluptatemdoloresquasi.png?size=50x50&set=set1,1
52,Diannne,Kempston,dkempston1f,08-05-1989,dkempston1f@cornell.edu,"jL0""Il'Y6Q{ph{N",https://robohash.org/utestsaepe.png?size=50x50&set=set1,3
53,Pace,Dunphie,pdunphie1g,03-12-1951,pdunphie1g@kickstarter.com,dZ0=atEb>WMxgT,https://robohash.org/dolornostrumtenetur.png?size=50x50&set=set1,1
54,Katuscha,Ramsier,kramsier1h,09-10-1951,kramsier1h@taobao.com,"oK0.Cy>9,",https://robohash.org/consequaturaliasnobis.png?size=50x50&set=set1,2
55,Shellie,Renehan,srenehan1i,30-03-1969,srenehan1i@mit.edu,pC0~Zo$(J=Yg,https://robohash.org/laborevelvoluptatem.png?size=50x50&set=set1,3
56,Leslie,Membry,lmembry1j,11-03-1956,lmembry1j@tumblr.com,"zT7=uD=""\CX?e",https://robohash.org/facerevelut.png?size=50x50&set=set1,1
57,Kelcy,Duchenne,kduchenne1k,22-09-1969,kduchenne1k@ucla.edu,lX9%U2{f*,https://robohash.org/utculpadeserunt.png?size=50x50&set=set1,2
58,Aurilia,Bachelor,abachelor1l,17-12-1952,abachelor1l@jimdo.com,"pG9,P*bK5.NsI",https://robohash.org/aliasreiciendisipsum.png?size=50x50&set=set1,2
59,Henrie,Gantlett,hgantlett1m,29-01-1971,hgantlett1m@free.fr,nF6.Q3>TwkQfo*(},https://robohash.org/harumessecumque.png?size=50x50&set=set1,1
60,Georgine,Theunissen,gtheunissen1n,19-05-1980,gtheunissen1n@spotify.com,wM5>J~jZiBz|h6GV,https://robohash.org/rerumearumtemporibus.png?size=50x50&set=set1,1
61,Leontyne,Sterricker,lsterricker1o,07-07-1975,lsterricker1o@blogs.com,tD4+PgkYiLfno$8r,https://robohash.org/excepturiquinatus.png?size=50x50&set=set1,1
62,Cletus,Spick,cspick1p,14-03-1972,cspick1p@soup.io,uQ5/zs0y,https://robohash.org/laudantiumestratione.png?size=50x50&set=set1,3
63,Kerwinn,Cerro,kcerro1q,27-11-1964,kcerro1q@japanpost.jp,wR1`a!&h>5sD,,3
64,Ilysa,Legging,ilegging1r,02-05-1972,ilegging1r@hatena.ne.jp,nB7)he(/#,https://robohash.org/blanditiiseteveniet.png?size=50x50&set=set1,1
65,Garrett,Danter,gdanter1s,10-10-2005,gdanter1s@theguardian.com,lW0\Epk4,https://robohash.org/eteosrepellat.png?size=50x50&set=set1,1
66,Ellerey,Pancost,epancost1t,28-12-1985,epancost1t@eepurl.com,"dK0.lU1LQc0x""""A_",https://robohash.org/etquaecorporis.png?size=50x50&set=set1,3
67,Tudor,Lennie,tlennie1u,13-11-1983,tlennie1u@de.vu,mD1!0uxZ%MVW6`P,https://robohash.org/optioquaeratet.png?size=50x50&set=set1,1
68,Gayle,Sings,gsings1v,02-06-1953,gsings1v@phpbb.com,"aO1""&lc1$19ah",https://robohash.org/undevitaerepellat.png?size=50x50&set=set1,3
69,Hesther,Cheng,hcheng1w,27-10-1980,hcheng1w@apple.com,iM2('~c>BviZKb,https://robohash.org/voluptasutmolestiae.png?size=50x50&set=set1,3
70,Grantham,MacDiarmond,gmacdiarmond1x,10-03-1992,gmacdiarmond1x@paypal.com,oT1+)sw8R4unk2j,https://robohash.org/saepeminusdolores.png?size=50x50&set=set1,3
71,Filia,Mc Mechan,fmcmechan1y,,fmcmechan1y@angelfire.com,vR7=xa?gk#uzJu_+,https://robohash.org/assumendaetexpedita.png?size=50x50&set=set1,3
72,Raffaello,Paolazzi,rpaolazzi1z,06-03-1980,rpaolazzi1z@ibm.com,eV5!lg&T,https://robohash.org/aliasrationeeveniet.png?size=50x50&set=set1,3
73,Kamillah,Friett,kfriett20,20-04-1952,kfriett20@nymag.com,"zW5\LZ/MZA#A""G6Y",https://robohash.org/enimnoneos.png?size=50x50&set=set1,1
74,Cristobal,Grasner,cgrasner21,27-06-1984,cgrasner21@npr.org,"qS7%q,(E",https://robohash.org/eligendietid.png?size=50x50&set=set1,1
75,Taddeusz,Wilsone,twilsone22,13-01-1966,twilsone22@barnesandnoble.com,"uH3)2Q|{h`""",https://robohash.org/etipsumimpedit.png?size=50x50&set=set1,1
76,Huntlee,Renol,hrenol23,18-08-1974,hrenol23@yandex.ru,vN0`LRZHu,https://robohash.org/laboreautab.png?size=50x50&set=set1,2
77,Rheta,Postin,rpostin24,13-11-1950,rpostin24@jiathis.com,jZ6{&OdKR,https://robohash.org/illoavoluptatem.png?size=50x50&set=set1,2
78,Silvanus,Iacobassi,siacobassi25,15-06-1961,siacobassi25@japanpost.jp,bJ8%8GwLg5_vg,https://robohash.org/fugaetipsum.png?size=50x50&set=set1,1
79,Felita,Trewinnard,ftrewinnard26,05-10-1996,ftrewinnard26@flickr.com,eH1&$c$s=N,https://robohash.org/sedquiaqui.png?size=50x50&set=set1,3
80,Nada,Kerridge,nkerridge27,28-07-1952,nkerridge27@sciencedirect.com,"tA0,cjp!%%KF~a",,1
81,Melva,Crombleholme,mcrombleholme28,21-11-1977,mcrombleholme28@instagram.com,"cD2""?6LO1&z4ev`a",https://robohash.org/nemoquifacilis.png?size=50x50&set=set1,2
82,Rochella,Punchard,rpunchard29,02-06-1952,rpunchard29@purevolume.com,aD5*ELYp,https://robohash.org/dolorumducimusofficiis.png?size=50x50&set=set1,2
83,Jeane,Sexon,jsexon2a,20-07-1977,jsexon2a@pen.io,wP3=7Y*J,https://robohash.org/explicabofugiatvelit.png?size=50x50&set=set1,2
84,Edd,O' Flaherty,eoflaherty2b,03-02-1965,eoflaherty2b@nyu.edu,zY0>E%b9xy.,https://robohash.org/eaquiafacere.png?size=50x50&set=set1,1
85,Araldo,Paeckmeyer,apaeckmeyer2c,05-08-1986,apaeckmeyer2c@gov.uk,"pQ9,.XFT#BVOC12I",https://robohash.org/optiorepudiandaeet.png?size=50x50&set=set1,3
86,Samaria,Joseph,sjoseph2d,04-10-1982,sjoseph2d@cbslocal.com,"pD5(,irv",https://robohash.org/molestiasquosaepe.png?size=50x50&set=set1,3
87,Charley,Ronnay,cronnay2e,07-07-1966,cronnay2e@scientificamerican.com,dR9#cTvnHn<(4q,https://robohash.org/istesitfacilis.png?size=50x50&set=set1,3
88,Monique,Jatczak,mjatczak2f,25-03-1958,mjatczak2f@noaa.gov,jT9'nq_R,,1
89,Blondelle,Conachy,bconachy2g,03-03-1976,bconachy2g@google.ru,fN4(+`PAA3mj'6p,https://robohash.org/etmolestiasquia.png?size=50x50&set=set1,2
90,Alexander,Commuzzo,acommuzzo2h,19-01-1977,acommuzzo2h@amazon.co.uk,jQ1'3P0W#Ki,https://robohash.org/sitconsequaturreprehenderit.png?size=50x50&set=set1,2
91,Cass,Betterton,cbetterton2i,29-01-1960,cbetterton2i@cafepress.com,rN6$E3bjkoW,https://robohash.org/natusevenietquod.png?size=50x50&set=set1,1
92,Fabiano,Dumbreck,fdumbreck2j,31-07-1995,fdumbreck2j@altervista.org,zI5\@4e{l\l,https://robohash.org/sitestdolor.png?size=50x50&set=set1,1
93,Roda,Hemmingway,rhemmingway2k,,rhemmingway2k@ibm.com,vO8~/r@=E8,https://robohash.org/fugadolorautem.png?size=50x50&set=set1,1
94,Trisha,Tuckley,ttuckley2l,19-06-1982,ttuckley2l@purevolume.com,eJ1%_e'EI1.`i_,https://robohash.org/quaeratvelpariatur.png?size=50x50&set=set1,1
95,Karleen,Fidgeon,kfidgeon2m,25-09-1981,kfidgeon2m@theatlantic.com,"dK1""54`JUe",https://robohash.org/uteumrepellendus.png?size=50x50&set=set1,1
96,Tucker,Larmouth,tlarmouth2n,21-11-1989,tlarmouth2n@i2i.jp,oV6}ZSCSoZph,https://robohash.org/nihilautemeum.png?size=50x50&set=set1,2
97,Melony,Lakenden,mlakenden2o,26-05-1994,mlakenden2o@surveymonkey.com,zB1/~ElMQ|,https://robohash.org/officianemosuscipit.png?size=50x50&set=set1,1
98,Leonidas,Huntar,lhuntar2p,10-04-1960,lhuntar2p@bravesites.com,eE0{9Qm0|C,https://robohash.org/autveritatispossimus.png?size=50x50&set=set1,2
99,Kate,Jewett,kjewett2q,27-06-1959,kjewett2q@over-blog.com,kM1+@F*kv,https://robohash.org/mollitiaatquedolorum.png?size=50x50&set=set1,2
100,Grace,Georgeson,ggeorgeson2r,07-04-1981,ggeorgeson2r@seattletimes.com,sL6>Ha!E)>,https://robohash.org/voluptatumquisquamest.png?size=50x50&set=set1,2
